CodigoAsignatura,Asignatura,Profesor
29385,Funciones Gestión Hardware,Oliver Dominguez
28190,Protocolos Proyectos,Dexter Pardo
32627,módem,Sybil Fernandez
94672,Políticas Posicionamiento Potencia,Finn Casado
21152,Ciberseguridad,Anthony Gutierrez
44470,telecomunicación telefonía televisión,Drake Casado
57569,Gestión,Inga Alonso
65012,organización página,Willow Campos
24170,Configuración Conmutación Conocimiento,Tatyana Pastor
47722,Planificación Plataformas,Martina Redondo
88370,Soporte Sostenibilidad,Bert Ramos
84674,rendimiento robótica,Kaye Vicente
62734,Seguridad Señales,Savannah Lozano
11153,televisión terminal,Zahir Cabrera
55014,Análisis Aplicaciones Arquitectura,Leah Rubio
63220,Optimización Organización,Kadeem Garcia
10106,pendrive portátil,Armando Guerrero
60998,Flujo Formalización Fórmulas,Lenore Torres
35998,Wikipedia Algoritmos,Shad Vega
62051,interactivo Internet,Blythe Nieto
50006,banda ancha,Francesca Gimenez
58349,definición antena aplicación,Octavia Sanchez
58618,Física Administración,Leonard Peña
27979,Marcos Matemáticas,Yasir Muﾑoz
58046,mercado audiovisual,Chantale Alonso
68310,alta definición,Amanda Alvarez
55874,página,Carter Navarro
51507,Diagnóstico Digital,Fiona Muñoz
20513,Inteligencia Interactividad,Merrill Carrasco
53831,Jitter Kernel,Kristen Herrero
37895,imagen implantación,Elmo Caballero
70306,almacenamiento alta,Hamilton Prieto
96935,Bucle Calidad Cálculo,Oleg Bravo
68030,digitalización disco,Samson Esteban
31775,Coordinación Coste,Edward Bravo
21219,Procesado Software,Ignacia Alonso
28077,Gestión Hardware,Lareina Castro
93124,Topología Transferencia,Plato Vidal
81044,Transporte UI,Hamish Esteban
21197,hiperinformación imagen,Lenore Dominguez
12568,Certificación Circuitos,Amanda Sanz
78534,Artificial,Uriel Campos
22018,Nube,Quon Blanco
84356,cómputo,Ariana Reyes
43398,información software,Frances Fuentes
88248,Plataformas Políticas,Kimberley Mora
25584,Automatización Balanceo,Beau Martinez
87607,Transformación,Slade Ortiz
50461,de,Hedley Torres
76568,Estructuras Evaluación,Hiram Diez
10047,Experimentos Física,Uma Ortiz
75530,página,Thor Fuentes
77642,interactivo Internet,Patience Martin
95909,Innovación Interfaces,Kaye Pastor
98939,antena aplicación,Ferdinand Sanchez
90746,Objetos Operaciones Optimización,Clark Rubio
68241,Gestión,Connor Ortiz
13961,Laboratorio 5G,Elijah Aguilar
35287,Arquitectura,Alexis Nieto
92419,blog ciencia comercio,Acton Sanchez
53660,implantación,Cadman Saez
83372,Sistemas Software,Ulla Herrero
30676,de,Tanisha Pardo
25595,Innovación,Hillary Merino
20925,tarjeta,Emily Soler
11827,Transmisión,Ralph Jimenez
74956,telecomunicación,Mechelle Ferrer
74434,Interactividad Interconexión Interfaz,Kaye Saez
38956,Sistemas Software Soluciones,Xena Duran
66240,Demanda,Zachery Carrasco
47449,pendrive portátil prestación,Calista Martinez
98829,descentralización digital digitalización,Bryar Romero
73371,contenidos correo,Colleen Ibañez
30529,disco dispositivo distribución,Violet Soto
93383,Lógica,Eaton Gallego
96839,digitalización disco dispositivo,Azalia Gonzalez
49114,ordenador organización,Lesley Santos
62795,Mantenimiento Mapas Marcos,Madeline Carmona
42507,ordenador,Guy Gimenez
89175,Conectividad Confiabilidad,Zoe Torres
58794,Visualización,Zephania Blanco
16626,electrónica algoritmo,Kirestin Vila
30693,5G acceso administración,Gay Muﾑoz
91367,administración electrónica algoritmo,Erasmus Nuñez
14656,hardware herramienta,Raya Cano
33034,Rendimiento Requisitos,Chastity Gallego
72933,Internet Interoperabilidad,Katell Mora
26105,ciencia comercio,Thomas Aguilar
34078,Java Lenguajes,Gil Martinez
97618,hardware,Lacey Arias
41932,Implementación,Quamar Gonzalez
92900,Plataformas Políticas,Tasha Velasco
75039,Laboratorio 5G,Selma Muñoz
13020,Interfaces Inteligencia,Emmanuel Santana
42953,hardware herramienta hiperinformación,Britanni Izquierdo
30517,Objetos Operaciones,Dale Lopez
35731,Lógica Mantenimiento,Cally Blanco
21552,comunidad,Keane Rubio
80303,alta definición antena,Knox Redondo
55591,Asincronía Automatización Balanceo,Lev Morales